{
    "Femur Sequence": [
        0.30792316441924406, 
        0.37719414627492454, 
        0.6524788996552203, 
        0.9587345878802055, 
        0.894990849561254
    ], 
    "Tibia Sequence": [
        0.959166379211367, 
        0.5604858745675411, 
        0.07897178707540353, 
        0.5288570426569159, 
        0.5161315615033086
    ]
}