{
    "Femur Sequence": [
        0.4415371861960523, 
        0.5004379244770191, 
        0.04837599271493487, 
        0.6407263618126895, 
        0.3497545365774407
    ], 
    "Tibia Sequence": [
        0.05874433411318425, 
        0.5132525651386906, 
        0.5580996799928136, 
        0.4714179891497996, 
        0.26544652681751546
    ]
}